{"mae": 1.2844059816541578, "r2": 0.5242805389896676, "n_rows": 319164, "trained_at": "2026-04-16T19:53:12.782068"}