{"mae": 0.5501450896263123, "r2": 0.2376900315284729, "n_rows": 319164, "trained_at": "2026-04-16T19:53:32.636666"}