{"mae": 4.549035296285046, "r2": 0.513090506836531, "n_rows": 319164, "trained_at": "2026-04-16T19:53:02.960035"}