{"mae": 5.9803179394787405, "r2": 0.5786449653006964, "n_rows": 319164, "trained_at": "2026-04-16T19:53:17.596789"}