{"mae": 1.9214586759622794, "r2": 0.47052120815938914, "n_rows": 319164, "trained_at": "2026-04-16T19:53:07.882191"}