{"mae": 0.702247679233551, "r2": 0.11980551481246948, "n_rows": 319164, "trained_at": "2026-04-16T19:53:27.670618"}