{"mae": 0.8233980887029493, "r2": 0.3260143718139059, "n_rows": 319164, "trained_at": "2026-04-16T19:53:22.433544"}